{
  "run_id": "run-1774405158",
  "timestamp": "2026-03-24T22:19:18-04:00",
  "master_addr": "localhost:50051",
  "file_path": "bigfile.bin",
  "object_key": "demo/rf1-w1",
  "file_size_bytes": 3145728,
  "chunk_size_bytes": 1048576,
  "replication_factor": 1,
  "workers": 1,
  "upload": {
    "operation": "upload",
    "total_chunks": 3,
    "total_bytes": 3145728,
    "duration_ms": 39,
    "throughput_mb_per_sec": 76.00728656520538,
    "chunk_latency": {
      "count": 3,
      "min_ms": 5.78,
      "p50_ms": 7.702,
      "p95_ms": 8.6758,
      "p99_ms": 8.762360000000001,
      "max_ms": 8.784
    }
  },
  "download": {
    "operation": "download",
    "total_chunks": 3,
    "total_bytes": 3145728,
    "duration_ms": 39,
    "throughput_mb_per_sec": 76.55248438329318,
    "chunk_latency": {
      "count": 3,
      "min_ms": 5.372,
      "p50_ms": 6.75,
      "p95_ms": 21.065399999999997,
      "p99_ms": 22.33788,
      "max_ms": 22.656
    }
  }
}