{
  "run_id": "run-1774405176",
  "timestamp": "2026-03-24T22:19:36-04:00",
  "master_addr": "localhost:50051",
  "file_path": "bigfile.bin",
  "object_key": "demo/rf1-w16",
  "file_size_bytes": 3145728,
  "chunk_size_bytes": 1048576,
  "replication_factor": 1,
  "workers": 16,
  "upload": {
    "operation": "upload",
    "total_chunks": 3,
    "total_bytes": 3145728,
    "duration_ms": 32,
    "throughput_mb_per_sec": 91.18319311384525,
    "chunk_latency": {
      "count": 3,
      "min_ms": 10.779,
      "p50_ms": 10.779,
      "p95_ms": 17.1357,
      "p99_ms": 17.70074,
      "max_ms": 17.842
    }
  },
  "download": {
    "operation": "download",
    "total_chunks": 3,
    "total_bytes": 3145728,
    "duration_ms": 16,
    "throughput_mb_per_sec": 184.00392541707558,
    "chunk_latency": {
      "count": 3,
      "min_ms": 6.661,
      "p50_ms": 8.783,
      "p95_ms": 10.854800000000001,
      "p99_ms": 11.038960000000001,
      "max_ms": 11.085
    }
  }
}