{
  "run_id": "run-1774405684",
  "timestamp": "2026-03-24T22:28:05-04:00",
  "master_addr": "localhost:50051",
  "file_path": "bigfile.bin",
  "object_key": "demo/rf3-w4",
  "file_size_bytes": 3145728,
  "chunk_size_bytes": 1048576,
  "replication_factor": 3,
  "workers": 4,
  "upload": {
    "operation": "upload",
    "total_chunks": 3,
    "total_bytes": 3145728,
    "duration_ms": 63,
    "throughput_mb_per_sec": 47.060816693412896,
    "chunk_latency": {
      "count": 3,
      "min_ms": 40.774,
      "p50_ms": 43.611,
      "p95_ms": 44.634299999999996,
      "p99_ms": 44.72526,
      "max_ms": 44.748
    }
  },
  "download": {
    "operation": "download",
    "total_chunks": 3,
    "total_bytes": 3145728,
    "duration_ms": 16,
    "throughput_mb_per_sec": 185.94733971339315,
    "chunk_latency": {
      "count": 3,
      "min_ms": 11.101,
      "p50_ms": 11.101,
      "p95_ms": 11.5915,
      "p99_ms": 11.635100000000001,
      "max_ms": 11.646
    }
  }
}